Customer ID,Sales
SV-20365,8582.823
CL-12565,8331.986
NF-18385,8080.474
ZC-21910,8025.707
AH-10690,7888.294
GT-14710,7812.28
JD-15895,7610.8640000000005
BM-11650,7294.185
PP-18955,7252.608
Dp-13240,7198.7609999999995
JL-15835,6951.358
BB-11545,6765.728
JE-15745,6760.8150000000005
DR-12880,6528.034000000001
VD-21670,6442.254
JG-15160,6366.392
JD-16150,6323.2905
BH-11710,6255.351
RL-19615,6234.91
JE-15715,6134.787
